ts,exp_id,rule_count,qps,pod,cpu_milli,mem_mi,redis_used_memory_mb
1777891498,exp-5-5-r50-q1000,50,1000,logsentinel-api-54fb9c8467-gvptl,6,294,0.0
1777891498,exp-5-5-r50-q1000,50,1000,logsentinel-api-54fb9c8467-ltvm2,6,293,0.0
1777891498,exp-5-5-r50-q1000,50,1000,logsentinel-engine-595699f9c9-mprrn,49,66,0.0
1777891498,exp-5-5-r50-q1000,50,1000,logsentinel-engine-595699f9c9-mvwtn,76,70,0.0
1777891498,exp-5-5-r50-q1000,50,1000,logsentinel-engine-595699f9c9-xgmz9,104,68,0.0
1777891498,exp-5-5-r50-q1000,50,1000,logsentinel-frontend-567dc47c97-dqxwj,1,25,0.0
1777891498,exp-5-5-r50-q1000,50,1000,logsentinel-loki-0,178,135,0.0
1777891498,exp-5-5-r50-q1000,50,1000,logsentinel-postgresql-0,14,128,0.0
1777891498,exp-5-5-r50-q1000,50,1000,logsentinel-redis-master-0,34,52,0.0
1777891498,exp-5-5-r50-q1000,50,1000,promtail-qt628,6,38,0.0
1777891529,exp-5-5-r50-q1000,50,1000,logsentinel-api-54fb9c8467-gvptl,6,294,0.0
1777891529,exp-5-5-r50-q1000,50,1000,logsentinel-api-54fb9c8467-ltvm2,6,293,0.0
1777891529,exp-5-5-r50-q1000,50,1000,logsentinel-engine-595699f9c9-mprrn,49,67,0.0
1777891529,exp-5-5-r50-q1000,50,1000,logsentinel-engine-595699f9c9-mvwtn,11,70,0.0
1777891529,exp-5-5-r50-q1000,50,1000,logsentinel-engine-595699f9c9-xgmz9,81,68,0.0
1777891529,exp-5-5-r50-q1000,50,1000,logsentinel-frontend-567dc47c97-dqxwj,1,25,0.0
1777891529,exp-5-5-r50-q1000,50,1000,logsentinel-loki-0,243,128,0.0
1777891529,exp-5-5-r50-q1000,50,1000,logsentinel-postgresql-0,17,128,0.0
1777891529,exp-5-5-r50-q1000,50,1000,logsentinel-redis-master-0,44,73,0.0
1777891529,exp-5-5-r50-q1000,50,1000,promtail-qt628,5,38,0.0
1777891559,exp-5-5-r50-q1000,50,1000,logsentinel-api-54fb9c8467-gvptl,6,294,0.0
1777891559,exp-5-5-r50-q1000,50,1000,logsentinel-api-54fb9c8467-ltvm2,6,293,0.0
1777891559,exp-5-5-r50-q1000,50,1000,logsentinel-engine-595699f9c9-mprrn,8,67,0.0
1777891559,exp-5-5-r50-q1000,50,1000,logsentinel-engine-595699f9c9-mvwtn,17,70,0.0
1777891559,exp-5-5-r50-q1000,50,1000,logsentinel-engine-595699f9c9-xgmz9,75,68,0.0
1777891559,exp-5-5-r50-q1000,50,1000,logsentinel-frontend-567dc47c97-dqxwj,1,25,0.0
1777891559,exp-5-5-r50-q1000,50,1000,logsentinel-loki-0,234,141,0.0
1777891559,exp-5-5-r50-q1000,50,1000,logsentinel-postgresql-0,14,127,0.0
1777891559,exp-5-5-r50-q1000,50,1000,logsentinel-redis-master-0,47,77,0.0
1777891559,exp-5-5-r50-q1000,50,1000,promtail-qt628,5,38,0.0
1777891590,exp-5-5-r50-q1000,50,1000,logsentinel-api-54fb9c8467-gvptl,6,294,0.0
1777891590,exp-5-5-r50-q1000,50,1000,logsentinel-api-54fb9c8467-ltvm2,6,293,0.0
1777891590,exp-5-5-r50-q1000,50,1000,logsentinel-engine-595699f9c9-mprrn,1,67,0.0
1777891590,exp-5-5-r50-q1000,50,1000,logsentinel-engine-595699f9c9-mvwtn,76,70,0.0
1777891590,exp-5-5-r50-q1000,50,1000,logsentinel-engine-595699f9c9-xgmz9,93,69,0.0
1777891590,exp-5-5-r50-q1000,50,1000,logsentinel-frontend-567dc47c97-dqxwj,1,25,0.0
1777891590,exp-5-5-r50-q1000,50,1000,logsentinel-loki-0,224,174,0.0
1777891590,exp-5-5-r50-q1000,50,1000,logsentinel-postgresql-0,17,128,0.0
1777891590,exp-5-5-r50-q1000,50,1000,logsentinel-redis-master-0,42,78,0.0
1777891590,exp-5-5-r50-q1000,50,1000,promtail-qt628,5,38,0.0
1777891620,exp-5-5-r50-q1000,50,1000,logsentinel-api-54fb9c8467-gvptl,6,294,0.0
1777891620,exp-5-5-r50-q1000,50,1000,logsentinel-api-54fb9c8467-ltvm2,6,293,0.0
1777891620,exp-5-5-r50-q1000,50,1000,logsentinel-engine-595699f9c9-mprrn,8,67,0.0
1777891620,exp-5-5-r50-q1000,50,1000,logsentinel-engine-595699f9c9-mvwtn,90,71,0.0
1777891620,exp-5-5-r50-q1000,50,1000,logsentinel-engine-595699f9c9-xgmz9,100,68,0.0
1777891620,exp-5-5-r50-q1000,50,1000,logsentinel-frontend-567dc47c97-dqxwj,1,25,0.0
1777891620,exp-5-5-r50-q1000,50,1000,logsentinel-loki-0,278,139,0.0
1777891620,exp-5-5-r50-q1000,50,1000,logsentinel-postgresql-0,14,128,0.0
1777891620,exp-5-5-r50-q1000,50,1000,logsentinel-redis-master-0,27,75,0.0
1777891620,exp-5-5-r50-q1000,50,1000,promtail-qt628,6,38,0.0
1777891651,exp-5-5-r50-q1000,50,1000,logsentinel-api-54fb9c8467-gvptl,6,294,0.0
1777891651,exp-5-5-r50-q1000,50,1000,logsentinel-api-54fb9c8467-ltvm2,6,293,0.0
1777891651,exp-5-5-r50-q1000,50,1000,logsentinel-engine-595699f9c9-mprrn,89,67,0.0
1777891651,exp-5-5-r50-q1000,50,1000,logsentinel-engine-595699f9c9-mvwtn,71,71,0.0
1777891651,exp-5-5-r50-q1000,50,1000,logsentinel-engine-595699f9c9-xgmz9,1,68,0.0
1777891651,exp-5-5-r50-q1000,50,1000,logsentinel-frontend-567dc47c97-dqxwj,1,25,0.0
1777891651,exp-5-5-r50-q1000,50,1000,logsentinel-loki-0,122,148,0.0
1777891651,exp-5-5-r50-q1000,50,1000,logsentinel-postgresql-0,11,129,0.0
1777891651,exp-5-5-r50-q1000,50,1000,logsentinel-redis-master-0,23,51,0.0
1777891651,exp-5-5-r50-q1000,50,1000,promtail-qt628,5,38,0.0
1777891681,exp-5-5-r50-q1000,50,1000,logsentinel-api-54fb9c8467-gvptl,6,294,0.0
1777891681,exp-5-5-r50-q1000,50,1000,logsentinel-api-54fb9c8467-ltvm2,6,293,0.0
1777891681,exp-5-5-r50-q1000,50,1000,logsentinel-engine-595699f9c9-mprrn,74,68,0.0
1777891681,exp-5-5-r50-q1000,50,1000,logsentinel-engine-595699f9c9-mvwtn,15,71,0.0
1777891681,exp-5-5-r50-q1000,50,1000,logsentinel-engine-595699f9c9-xgmz9,75,69,0.0
1777891681,exp-5-5-r50-q1000,50,1000,logsentinel-frontend-567dc47c97-dqxwj,1,25,0.0
1777891681,exp-5-5-r50-q1000,50,1000,logsentinel-loki-0,182,157,0.0
1777891681,exp-5-5-r50-q1000,50,1000,logsentinel-postgresql-0,13,129,0.0
1777891681,exp-5-5-r50-q1000,50,1000,logsentinel-redis-master-0,20,64,0.0
1777891681,exp-5-5-r50-q1000,50,1000,promtail-qt628,5,38,0.0
1777891712,exp-5-5-r50-q1000,50,1000,logsentinel-api-54fb9c8467-gvptl,6,294,0.0
1777891712,exp-5-5-r50-q1000,50,1000,logsentinel-api-54fb9c8467-ltvm2,6,293,0.0
1777891712,exp-5-5-r50-q1000,50,1000,logsentinel-engine-595699f9c9-mprrn,59,67,0.0
1777891712,exp-5-5-r50-q1000,50,1000,logsentinel-engine-595699f9c9-mvwtn,52,71,0.0
1777891712,exp-5-5-r50-q1000,50,1000,logsentinel-engine-595699f9c9-xgmz9,1,68,0.0
1777891712,exp-5-5-r50-q1000,50,1000,logsentinel-frontend-567dc47c97-dqxwj,1,25,0.0
1777891712,exp-5-5-r50-q1000,50,1000,logsentinel-loki-0,180,167,0.0
1777891712,exp-5-5-r50-q1000,50,1000,logsentinel-postgresql-0,9,129,0.0
1777891712,exp-5-5-r50-q1000,50,1000,logsentinel-redis-master-0,23,62,0.0
1777891712,exp-5-5-r50-q1000,50,1000,promtail-qt628,5,38,0.0
1777891742,exp-5-5-r50-q1000,50,1000,logsentinel-api-54fb9c8467-gvptl,6,294,0.0
1777891742,exp-5-5-r50-q1000,50,1000,logsentinel-api-54fb9c8467-ltvm2,6,293,0.0
1777891742,exp-5-5-r50-q1000,50,1000,logsentinel-engine-595699f9c9-mprrn,89,67,0.0
1777891742,exp-5-5-r50-q1000,50,1000,logsentinel-engine-595699f9c9-mvwtn,104,71,0.0
1777891742,exp-5-5-r50-q1000,50,1000,logsentinel-engine-595699f9c9-xgmz9,9,69,0.0
1777891742,exp-5-5-r50-q1000,50,1000,logsentinel-frontend-567dc47c97-dqxwj,1,25,0.0
1777891742,exp-5-5-r50-q1000,50,1000,logsentinel-loki-0,33,167,0.0
1777891742,exp-5-5-r50-q1000,50,1000,logsentinel-postgresql-0,18,130,0.0
1777891742,exp-5-5-r50-q1000,50,1000,logsentinel-redis-master-0,17,63,0.0
1777891742,exp-5-5-r50-q1000,50,1000,promtail-qt628,5,38,0.0
1777891773,exp-5-5-r50-q1000,50,1000,logsentinel-api-54fb9c8467-gvptl,6,294,0.0
1777891773,exp-5-5-r50-q1000,50,1000,logsentinel-api-54fb9c8467-ltvm2,6,293,0.0
1777891773,exp-5-5-r50-q1000,50,1000,logsentinel-engine-595699f9c9-mprrn,81,67,0.0
1777891773,exp-5-5-r50-q1000,50,1000,logsentinel-engine-595699f9c9-mvwtn,92,72,0.0
1777891773,exp-5-5-r50-q1000,50,1000,logsentinel-engine-595699f9c9-xgmz9,1,68,0.0
1777891773,exp-5-5-r50-q1000,50,1000,logsentinel-frontend-567dc47c97-dqxwj,1,25,0.0
1777891773,exp-5-5-r50-q1000,50,1000,logsentinel-loki-0,127,186,0.0
1777891773,exp-5-5-r50-q1000,50,1000,logsentinel-postgresql-0,6,130,0.0
1777891773,exp-5-5-r50-q1000,50,1000,logsentinel-redis-master-0,23,65,0.0
1777891773,exp-5-5-r50-q1000,50,1000,promtail-qt628,5,38,0.0
1777891998,exp-5-5-r100-q1000,100,1000,logsentinel-api-54fb9c8467-gvptl,6,294,0.0
1777891998,exp-5-5-r100-q1000,100,1000,logsentinel-api-54fb9c8467-ltvm2,6,293,0.0
1777891998,exp-5-5-r100-q1000,100,1000,logsentinel-engine-595699f9c9-mprrn,122,68,0.0
1777891998,exp-5-5-r100-q1000,100,1000,logsentinel-engine-595699f9c9-mvwtn,15,71,0.0
1777891998,exp-5-5-r100-q1000,100,1000,logsentinel-engine-595699f9c9-xgmz9,95,68,0.0
1777891998,exp-5-5-r100-q1000,100,1000,logsentinel-frontend-567dc47c97-dqxwj,1,25,0.0
1777891998,exp-5-5-r100-q1000,100,1000,logsentinel-loki-0,175,184,0.0
1777891998,exp-5-5-r100-q1000,100,1000,logsentinel-postgresql-0,17,128,0.0
1777891998,exp-5-5-r100-q1000,100,1000,logsentinel-redis-master-0,33,71,0.0
1777891998,exp-5-5-r100-q1000,100,1000,promtail-qt628,5,38,0.0
1777892028,exp-5-5-r100-q1000,100,1000,logsentinel-api-54fb9c8467-gvptl,6,294,0.0
1777892028,exp-5-5-r100-q1000,100,1000,logsentinel-api-54fb9c8467-ltvm2,6,293,0.0
1777892028,exp-5-5-r100-q1000,100,1000,logsentinel-engine-595699f9c9-mprrn,78,68,0.0
1777892028,exp-5-5-r100-q1000,100,1000,logsentinel-engine-595699f9c9-mvwtn,74,71,0.0
1777892028,exp-5-5-r100-q1000,100,1000,logsentinel-engine-595699f9c9-xgmz9,107,69,0.0
1777892028,exp-5-5-r100-q1000,100,1000,logsentinel-frontend-567dc47c97-dqxwj,1,25,0.0
1777892028,exp-5-5-r100-q1000,100,1000,logsentinel-loki-0,166,155,0.0
1777892028,exp-5-5-r100-q1000,100,1000,logsentinel-postgresql-0,15,128,0.0
1777892028,exp-5-5-r100-q1000,100,1000,logsentinel-redis-master-0,31,80,0.0
1777892028,exp-5-5-r100-q1000,100,1000,promtail-qt628,6,38,0.0
1777892059,exp-5-5-r100-q1000,100,1000,logsentinel-api-54fb9c8467-gvptl,6,294,0.0
1777892059,exp-5-5-r100-q1000,100,1000,logsentinel-api-54fb9c8467-ltvm2,6,293,0.0
1777892059,exp-5-5-r100-q1000,100,1000,logsentinel-engine-595699f9c9-mprrn,9,68,0.0
1777892059,exp-5-5-r100-q1000,100,1000,logsentinel-engine-595699f9c9-mvwtn,12,71,0.0
1777892059,exp-5-5-r100-q1000,100,1000,logsentinel-engine-595699f9c9-xgmz9,74,69,0.0
1777892059,exp-5-5-r100-q1000,100,1000,logsentinel-frontend-567dc47c97-dqxwj,1,25,0.0
1777892059,exp-5-5-r100-q1000,100,1000,logsentinel-loki-0,135,168,0.0
1777892059,exp-5-5-r100-q1000,100,1000,logsentinel-postgresql-0,15,129,0.0
1777892059,exp-5-5-r100-q1000,100,1000,logsentinel-redis-master-0,34,79,0.0
1777892059,exp-5-5-r100-q1000,100,1000,promtail-qt628,5,38,0.0
1777892089,exp-5-5-r100-q1000,100,1000,logsentinel-api-54fb9c8467-gvptl,6,294,0.0
1777892089,exp-5-5-r100-q1000,100,1000,logsentinel-api-54fb9c8467-ltvm2,6,293,0.0
1777892089,exp-5-5-r100-q1000,100,1000,logsentinel-engine-595699f9c9-mprrn,10,68,0.0
1777892089,exp-5-5-r100-q1000,100,1000,logsentinel-engine-595699f9c9-mvwtn,62,71,0.0
1777892089,exp-5-5-r100-q1000,100,1000,logsentinel-engine-595699f9c9-xgmz9,118,69,0.0
1777892089,exp-5-5-r100-q1000,100,1000,logsentinel-frontend-567dc47c97-dqxwj,1,25,0.0
1777892089,exp-5-5-r100-q1000,100,1000,logsentinel-loki-0,301,177,0.0
1777892089,exp-5-5-r100-q1000,100,1000,logsentinel-postgresql-0,16,128,0.0
1777892089,exp-5-5-r100-q1000,100,1000,logsentinel-redis-master-0,33,78,0.0
1777892089,exp-5-5-r100-q1000,100,1000,promtail-qt628,5,38,0.0
1777892120,exp-5-5-r100-q1000,100,1000,logsentinel-api-54fb9c8467-gvptl,6,294,0.0
1777892120,exp-5-5-r100-q1000,100,1000,logsentinel-api-54fb9c8467-ltvm2,6,293,0.0
1777892120,exp-5-5-r100-q1000,100,1000,logsentinel-engine-595699f9c9-mprrn,19,69,0.0
1777892120,exp-5-5-r100-q1000,100,1000,logsentinel-engine-595699f9c9-mvwtn,86,71,0.0
1777892120,exp-5-5-r100-q1000,100,1000,logsentinel-engine-595699f9c9-xgmz9,116,69,0.0
1777892120,exp-5-5-r100-q1000,100,1000,logsentinel-frontend-567dc47c97-dqxwj,1,25,0.0
1777892120,exp-5-5-r100-q1000,100,1000,logsentinel-loki-0,146,179,0.0
1777892120,exp-5-5-r100-q1000,100,1000,logsentinel-postgresql-0,15,128,0.0
1777892120,exp-5-5-r100-q1000,100,1000,logsentinel-redis-master-0,36,79,0.0
1777892120,exp-5-5-r100-q1000,100,1000,promtail-qt628,5,38,0.0
1777892150,exp-5-5-r100-q1000,100,1000,logsentinel-api-54fb9c8467-gvptl,6,294,0.0
1777892150,exp-5-5-r100-q1000,100,1000,logsentinel-api-54fb9c8467-ltvm2,6,293,0.0
1777892150,exp-5-5-r100-q1000,100,1000,logsentinel-engine-595699f9c9-mprrn,12,68,0.0
1777892150,exp-5-5-r100-q1000,100,1000,logsentinel-engine-595699f9c9-mvwtn,69,71,0.0
1777892150,exp-5-5-r100-q1000,100,1000,logsentinel-engine-595699f9c9-xgmz9,100,69,0.0
1777892150,exp-5-5-r100-q1000,100,1000,logsentinel-frontend-567dc47c97-dqxwj,1,25,0.0
1777892150,exp-5-5-r100-q1000,100,1000,logsentinel-loki-0,204,131,0.0
1777892150,exp-5-5-r100-q1000,100,1000,logsentinel-postgresql-0,13,128,0.0
1777892150,exp-5-5-r100-q1000,100,1000,logsentinel-redis-master-0,37,66,0.0
1777892150,exp-5-5-r100-q1000,100,1000,promtail-qt628,5,38,0.0
1777892181,exp-5-5-r100-q1000,100,1000,logsentinel-api-54fb9c8467-gvptl,6,294,0.0
1777892181,exp-5-5-r100-q1000,100,1000,logsentinel-api-54fb9c8467-ltvm2,6,293,0.0
1777892181,exp-5-5-r100-q1000,100,1000,logsentinel-engine-595699f9c9-mprrn,12,69,0.0
1777892181,exp-5-5-r100-q1000,100,1000,logsentinel-engine-595699f9c9-mvwtn,74,71,0.0
1777892181,exp-5-5-r100-q1000,100,1000,logsentinel-engine-595699f9c9-xgmz9,57,69,0.0
1777892181,exp-5-5-r100-q1000,100,1000,logsentinel-frontend-567dc47c97-dqxwj,1,25,0.0
1777892181,exp-5-5-r100-q1000,100,1000,logsentinel-loki-0,195,186,0.0
1777892181,exp-5-5-r100-q1000,100,1000,logsentinel-postgresql-0,16,129,0.0
1777892181,exp-5-5-r100-q1000,100,1000,logsentinel-redis-master-0,30,79,0.0
1777892181,exp-5-5-r100-q1000,100,1000,promtail-qt628,5,38,0.0
1777892211,exp-5-5-r100-q1000,100,1000,logsentinel-api-54fb9c8467-gvptl,6,294,0.0
1777892211,exp-5-5-r100-q1000,100,1000,logsentinel-api-54fb9c8467-ltvm2,6,293,0.0
1777892211,exp-5-5-r100-q1000,100,1000,logsentinel-engine-595699f9c9-mprrn,65,69,0.0
1777892211,exp-5-5-r100-q1000,100,1000,logsentinel-engine-595699f9c9-mvwtn,95,71,0.0
1777892211,exp-5-5-r100-q1000,100,1000,logsentinel-engine-595699f9c9-xgmz9,100,69,0.0
1777892211,exp-5-5-r100-q1000,100,1000,logsentinel-frontend-567dc47c97-dqxwj,1,25,0.0
1777892211,exp-5-5-r100-q1000,100,1000,logsentinel-loki-0,243,143,0.0
1777892211,exp-5-5-r100-q1000,100,1000,logsentinel-postgresql-0,13,129,0.0
1777892211,exp-5-5-r100-q1000,100,1000,logsentinel-redis-master-0,45,93,0.0
1777892211,exp-5-5-r100-q1000,100,1000,promtail-qt628,5,38,0.0
1777892242,exp-5-5-r100-q1000,100,1000,logsentinel-api-54fb9c8467-gvptl,6,294,0.0
1777892242,exp-5-5-r100-q1000,100,1000,logsentinel-api-54fb9c8467-ltvm2,6,293,0.0
1777892242,exp-5-5-r100-q1000,100,1000,logsentinel-engine-595699f9c9-mprrn,9,68,0.0
1777892242,exp-5-5-r100-q1000,100,1000,logsentinel-engine-595699f9c9-mvwtn,10,71,0.0
1777892242,exp-5-5-r100-q1000,100,1000,logsentinel-engine-595699f9c9-xgmz9,76,86,0.0
1777892242,exp-5-5-r100-q1000,100,1000,logsentinel-frontend-567dc47c97-dqxwj,1,25,0.0
1777892242,exp-5-5-r100-q1000,100,1000,logsentinel-loki-0,267,188,0.0
1777892242,exp-5-5-r100-q1000,100,1000,logsentinel-postgresql-0,13,129,0.0
1777892242,exp-5-5-r100-q1000,100,1000,logsentinel-redis-master-0,35,79,0.0
1777892242,exp-5-5-r100-q1000,100,1000,promtail-qt628,5,38,0.0
1777892272,exp-5-5-r100-q1000,100,1000,logsentinel-api-54fb9c8467-gvptl,6,294,0.0
1777892272,exp-5-5-r100-q1000,100,1000,logsentinel-api-54fb9c8467-ltvm2,6,293,0.0
1777892272,exp-5-5-r100-q1000,100,1000,logsentinel-engine-595699f9c9-mprrn,28,68,0.0
1777892272,exp-5-5-r100-q1000,100,1000,logsentinel-engine-595699f9c9-mvwtn,43,71,0.0
1777892272,exp-5-5-r100-q1000,100,1000,logsentinel-engine-595699f9c9-xgmz9,113,69,0.0
1777892272,exp-5-5-r100-q1000,100,1000,logsentinel-frontend-567dc47c97-dqxwj,1,25,0.0
1777892272,exp-5-5-r100-q1000,100,1000,logsentinel-loki-0,299,180,0.0
1777892272,exp-5-5-r100-q1000,100,1000,logsentinel-postgresql-0,18,129,0.0
1777892272,exp-5-5-r100-q1000,100,1000,logsentinel-redis-master-0,33,78,0.0
1777892272,exp-5-5-r100-q1000,100,1000,promtail-qt628,5,38,0.0
1777892634,exp-5-5-r200-q1000,200,1000,logsentinel-api-54fb9c8467-gvptl,6,294,0.0
1777892634,exp-5-5-r200-q1000,200,1000,logsentinel-api-54fb9c8467-ltvm2,6,293,0.0
1777892634,exp-5-5-r200-q1000,200,1000,logsentinel-engine-595699f9c9-mprrn,84,69,0.0
1777892634,exp-5-5-r200-q1000,200,1000,logsentinel-engine-595699f9c9-mvwtn,77,71,0.0
1777892634,exp-5-5-r200-q1000,200,1000,logsentinel-engine-595699f9c9-xgmz9,80,69,0.0
1777892634,exp-5-5-r200-q1000,200,1000,logsentinel-frontend-567dc47c97-dqxwj,1,25,0.0
1777892634,exp-5-5-r200-q1000,200,1000,logsentinel-loki-0,163,189,0.0
1777892634,exp-5-5-r200-q1000,200,1000,logsentinel-postgresql-0,15,124,0.0
1777892634,exp-5-5-r200-q1000,200,1000,logsentinel-redis-master-0,40,56,0.0
1777892634,exp-5-5-r200-q1000,200,1000,promtail-qt628,5,38,0.0
1777892665,exp-5-5-r200-q1000,200,1000,logsentinel-api-54fb9c8467-gvptl,6,294,0.0
1777892665,exp-5-5-r200-q1000,200,1000,logsentinel-api-54fb9c8467-ltvm2,6,293,0.0
1777892665,exp-5-5-r200-q1000,200,1000,logsentinel-engine-595699f9c9-mprrn,1,69,0.0
1777892665,exp-5-5-r200-q1000,200,1000,logsentinel-engine-595699f9c9-mvwtn,58,71,0.0
1777892665,exp-5-5-r200-q1000,200,1000,logsentinel-engine-595699f9c9-xgmz9,53,69,0.0
1777892665,exp-5-5-r200-q1000,200,1000,logsentinel-frontend-567dc47c97-dqxwj,1,25,0.0
1777892665,exp-5-5-r200-q1000,200,1000,logsentinel-loki-0,185,173,0.0
1777892665,exp-5-5-r200-q1000,200,1000,logsentinel-postgresql-0,13,124,0.0
1777892665,exp-5-5-r200-q1000,200,1000,logsentinel-redis-master-0,32,69,0.0
1777892665,exp-5-5-r200-q1000,200,1000,promtail-qt628,5,38,0.0
1777892695,exp-5-5-r200-q1000,200,1000,logsentinel-api-54fb9c8467-gvptl,6,294,0.0
1777892695,exp-5-5-r200-q1000,200,1000,logsentinel-api-54fb9c8467-ltvm2,6,293,0.0
1777892695,exp-5-5-r200-q1000,200,1000,logsentinel-engine-595699f9c9-mprrn,10,69,0.0
1777892695,exp-5-5-r200-q1000,200,1000,logsentinel-engine-595699f9c9-mvwtn,9,71,0.0
1777892695,exp-5-5-r200-q1000,200,1000,logsentinel-engine-595699f9c9-xgmz9,38,70,0.0
1777892695,exp-5-5-r200-q1000,200,1000,logsentinel-frontend-567dc47c97-dqxwj,1,25,0.0
1777892695,exp-5-5-r200-q1000,200,1000,logsentinel-loki-0,238,180,0.0
1777892695,exp-5-5-r200-q1000,200,1000,logsentinel-postgresql-0,18,120,0.0
1777892695,exp-5-5-r200-q1000,200,1000,logsentinel-redis-master-0,35,73,0.0
1777892695,exp-5-5-r200-q1000,200,1000,promtail-qt628,6,38,0.0
1777892726,exp-5-5-r200-q1000,200,1000,logsentinel-api-54fb9c8467-gvptl,6,294,0.0
1777892726,exp-5-5-r200-q1000,200,1000,logsentinel-api-54fb9c8467-ltvm2,6,293,0.0
1777892726,exp-5-5-r200-q1000,200,1000,logsentinel-engine-595699f9c9-mprrn,1,69,0.0
1777892726,exp-5-5-r200-q1000,200,1000,logsentinel-engine-595699f9c9-mvwtn,14,72,0.0
1777892726,exp-5-5-r200-q1000,200,1000,logsentinel-engine-595699f9c9-xgmz9,90,70,0.0
1777892726,exp-5-5-r200-q1000,200,1000,logsentinel-frontend-567dc47c97-dqxwj,1,25,0.0
1777892726,exp-5-5-r200-q1000,200,1000,logsentinel-loki-0,256,177,0.0
1777892726,exp-5-5-r200-q1000,200,1000,logsentinel-postgresql-0,17,120,0.0
1777892726,exp-5-5-r200-q1000,200,1000,logsentinel-redis-master-0,27,70,0.0
1777892726,exp-5-5-r200-q1000,200,1000,promtail-qt628,5,38,0.0
1777892756,exp-5-5-r200-q1000,200,1000,logsentinel-api-54fb9c8467-gvptl,6,294,0.0
1777892756,exp-5-5-r200-q1000,200,1000,logsentinel-api-54fb9c8467-ltvm2,6,293,0.0
1777892756,exp-5-5-r200-q1000,200,1000,logsentinel-engine-595699f9c9-mprrn,69,69,0.0
1777892756,exp-5-5-r200-q1000,200,1000,logsentinel-engine-595699f9c9-mvwtn,64,72,0.0
1777892756,exp-5-5-r200-q1000,200,1000,logsentinel-engine-595699f9c9-xgmz9,95,70,0.0
1777892756,exp-5-5-r200-q1000,200,1000,logsentinel-frontend-567dc47c97-dqxwj,1,25,0.0
1777892756,exp-5-5-r200-q1000,200,1000,logsentinel-loki-0,215,150,0.0
1777892756,exp-5-5-r200-q1000,200,1000,logsentinel-postgresql-0,17,121,0.0
1777892756,exp-5-5-r200-q1000,200,1000,logsentinel-redis-master-0,44,82,0.0
1777892756,exp-5-5-r200-q1000,200,1000,promtail-qt628,5,38,0.0
1777892787,exp-5-5-r200-q1000,200,1000,logsentinel-api-54fb9c8467-gvptl,6,294,0.0
1777892787,exp-5-5-r200-q1000,200,1000,logsentinel-api-54fb9c8467-ltvm2,6,293,0.0
1777892787,exp-5-5-r200-q1000,200,1000,logsentinel-engine-595699f9c9-mprrn,81,69,0.0
1777892787,exp-5-5-r200-q1000,200,1000,logsentinel-engine-595699f9c9-mvwtn,55,72,0.0
1777892787,exp-5-5-r200-q1000,200,1000,logsentinel-engine-595699f9c9-xgmz9,90,70,0.0
1777892787,exp-5-5-r200-q1000,200,1000,logsentinel-frontend-567dc47c97-dqxwj,1,25,0.0
1777892787,exp-5-5-r200-q1000,200,1000,logsentinel-loki-0,237,203,0.0
1777892787,exp-5-5-r200-q1000,200,1000,logsentinel-postgresql-0,16,122,0.0
1777892787,exp-5-5-r200-q1000,200,1000,logsentinel-redis-master-0,42,79,0.0
1777892787,exp-5-5-r200-q1000,200,1000,promtail-qt628,5,38,0.0
1777892817,exp-5-5-r200-q1000,200,1000,logsentinel-api-54fb9c8467-gvptl,6,294,0.0
1777892817,exp-5-5-r200-q1000,200,1000,logsentinel-api-54fb9c8467-ltvm2,6,293,0.0
1777892817,exp-5-5-r200-q1000,200,1000,logsentinel-engine-595699f9c9-mprrn,10,69,0.0
1777892817,exp-5-5-r200-q1000,200,1000,logsentinel-engine-595699f9c9-mvwtn,6,72,0.0
1777892817,exp-5-5-r200-q1000,200,1000,logsentinel-engine-595699f9c9-xgmz9,89,70,0.0
1777892817,exp-5-5-r200-q1000,200,1000,logsentinel-frontend-567dc47c97-dqxwj,1,25,0.0
1777892817,exp-5-5-r200-q1000,200,1000,logsentinel-loki-0,280,150,0.0
1777892817,exp-5-5-r200-q1000,200,1000,logsentinel-postgresql-0,13,122,0.0
1777892817,exp-5-5-r200-q1000,200,1000,logsentinel-redis-master-0,48,82,0.0
1777892817,exp-5-5-r200-q1000,200,1000,promtail-qt628,5,38,0.0
1777892848,exp-5-5-r200-q1000,200,1000,logsentinel-api-54fb9c8467-gvptl,6,294,0.0
1777892848,exp-5-5-r200-q1000,200,1000,logsentinel-api-54fb9c8467-ltvm2,6,293,0.0
1777892848,exp-5-5-r200-q1000,200,1000,logsentinel-engine-595699f9c9-mprrn,1,69,0.0
1777892848,exp-5-5-r200-q1000,200,1000,logsentinel-engine-595699f9c9-mvwtn,11,72,0.0
1777892848,exp-5-5-r200-q1000,200,1000,logsentinel-engine-595699f9c9-xgmz9,102,70,0.0
1777892848,exp-5-5-r200-q1000,200,1000,logsentinel-frontend-567dc47c97-dqxwj,1,25,0.0
1777892848,exp-5-5-r200-q1000,200,1000,logsentinel-loki-0,196,187,0.0
1777892848,exp-5-5-r200-q1000,200,1000,logsentinel-postgresql-0,18,122,0.0
1777892848,exp-5-5-r200-q1000,200,1000,logsentinel-redis-master-0,50,76,0.0
1777892848,exp-5-5-r200-q1000,200,1000,promtail-qt628,5,38,0.0
1777892878,exp-5-5-r200-q1000,200,1000,logsentinel-api-54fb9c8467-gvptl,6,294,0.0
1777892878,exp-5-5-r200-q1000,200,1000,logsentinel-api-54fb9c8467-ltvm2,6,293,0.0
1777892878,exp-5-5-r200-q1000,200,1000,logsentinel-engine-595699f9c9-mprrn,8,69,0.0
1777892878,exp-5-5-r200-q1000,200,1000,logsentinel-engine-595699f9c9-mvwtn,1,72,0.0
1777892878,exp-5-5-r200-q1000,200,1000,logsentinel-engine-595699f9c9-xgmz9,110,70,0.0
1777892878,exp-5-5-r200-q1000,200,1000,logsentinel-frontend-567dc47c97-dqxwj,1,25,0.0
1777892878,exp-5-5-r200-q1000,200,1000,logsentinel-loki-0,316,198,0.0
1777892878,exp-5-5-r200-q1000,200,1000,logsentinel-postgresql-0,17,123,0.0
1777892878,exp-5-5-r200-q1000,200,1000,logsentinel-redis-master-0,49,77,0.0
1777892878,exp-5-5-r200-q1000,200,1000,promtail-qt628,5,38,0.0
1777892909,exp-5-5-r200-q1000,200,1000,logsentinel-api-54fb9c8467-gvptl,6,294,0.0
1777892909,exp-5-5-r200-q1000,200,1000,logsentinel-api-54fb9c8467-ltvm2,6,293,0.0
1777892909,exp-5-5-r200-q1000,200,1000,logsentinel-engine-595699f9c9-mprrn,41,69,0.0
1777892909,exp-5-5-r200-q1000,200,1000,logsentinel-engine-595699f9c9-mvwtn,67,72,0.0
1777892909,exp-5-5-r200-q1000,200,1000,logsentinel-engine-595699f9c9-xgmz9,95,70,0.0
1777892909,exp-5-5-r200-q1000,200,1000,logsentinel-frontend-567dc47c97-dqxwj,1,25,0.0
1777892909,exp-5-5-r200-q1000,200,1000,logsentinel-loki-0,140,196,0.0
1777892909,exp-5-5-r200-q1000,200,1000,logsentinel-postgresql-0,12,123,0.0
1777892909,exp-5-5-r200-q1000,200,1000,logsentinel-redis-master-0,46,78,0.0
1777892909,exp-5-5-r200-q1000,200,1000,promtail-qt628,5,38,0.0
